date,year,month,month_name,closing_rate,highest_rate,lowest_rate,weighted_avg_rate,simple_avg_rate,total_deals
2024-12-02,2024,12,December,1660.0,1678.0,1650.0,1661.1225,1662.7719,0
2024-12-03,2024,12,December,1625.0,1664.0,1623.0,1643.1507,1644.7799,0
2024-12-04,2024,12,December,1608.0,1630.0,1590.0,1613.6946,1613.86,0
2024-12-05,2024,12,December,1567.0,1610.0,1565.0,1588.7939,1587.2944,0
2024-12-06,2024,12,December,1535.0,1575.0,1510.0,1533.7598,1533.9388,0
2024-12-09,2024,12,December,1538.5,1554.0,1524.5,1534.6771,1533.9786,0
2024-12-10,2024,12,December,1525.0,1560.0,1500.0,1532.1057,1533.4912,0
2024-12-11,2024,12,December,1545.0,1557.0,1515.0,1533.0936,1537.1239,0
2024-12-12,2024,12,December,1532.0,1550.0,1515.0,1534.6011,1535.6788,0
2024-12-13,2024,12,December,1540.0,1549.0,1520.0,1533.2747,1534.0303,0
2024-12-16,2024,12,December,1550.0,1555.0,1520.0,1533.5669,1536.7541,0
2024-12-17,2024,12,December,1540.0,1555.0,1522.0,1534.1055,1536.3403,0
2024-12-18,2024,12,December,1545.0,1565.0,1531.0,1538.878,1541.4846,0
2024-12-19,2024,12,December,1540.0,1550.0,1531.0,1537.4253,1538.6333,0
2024-12-20,2024,12,December,1542.0,1570.0,1532.0,1536.9275,1538.8851,0
2024-12-23,2024,12,December,1538.0,1545.0,1532.0,1535.7157,1537.0368,0
2024-12-24,2024,12,December,1537.0,1545.0,1533.0,1538.5728,1539.2254,0
2024-12-27,2024,12,December,1535.0,1550.0,1532.0,1538.3917,1539.8733,0
2024-12-30,2024,12,December,1537.0,1540.25,1533.0,1536.917,1536.9817,0
2024-12-31,2024,12,December,1535.0,1550.0,1520.0,1535.8175,1536.5068,0
2025-01-02,2025,1,January,1538.5,1545.0,1538.0,1541.3611,1540.65,0
2025-01-03,2025,1,January,1535.0,1540.0,1531.0,1534.5585,1535.0082,0
2025-01-06,2025,1,January,1536.0,1537.5,1530.0,1533.6065,1533.7692,0
2025-01-07,2025,1,January,1538.0,1543.0,1531.0,1534.1643,1534.7808,0
2025-01-08,2025,1,January,1545.0,1545.0,1537.0,1539.3976,1539.0714,0
2025-01-09,2025,1,January,1542.0,1551.0,1535.0,1541.0559,1541.9874,0
2025-01-10,2025,1,January,1544.5,1548.0,1538.0,1542.0256,1542.9021,0
2025-01-13,2025,1,January,1550.0,1550.0,1543.0,1546.853,1546.9856,0
2025-01-14,2025,1,January,1549.0,1560.0,1545.0,1547.6695,1550.7021,0
2025-01-15,2025,1,January,1550.0,1554.0,1546.75,1549.2019,1550.1174,0
2025-01-16,2025,1,January,1560.0,1559.0,1545.0,1549.95,1551.05,0
2025-01-17,2025,1,January,1548.0,1552.0,1540.2,1546.7212,1547.08,0
2025-01-20,2025,1,January,1551.0,1551.5,1545.0,1547.9989,1548.7045,0
2025-01-21,2025,1,January,1555.0,1555.0,1548.4,1551.2508,1551.3765,0
2025-01-22,2025,1,January,1553.0,1565.0,1550.0,1551.9172,1552.3344,0
2025-01-23,2025,1,January,1548.5,1558.0,1548.0,1550.4787,1550.6159,0
2025-01-24,2025,1,January,1531.0,1550.0,1515.0,1533.263,1531.8946,0
2025-01-27,2025,1,January,1533.5,1537.0,1530.0,1534.5483,1534.4464,0
2025-01-28,2025,1,January,1520.0,1538.0,1520.0,1527.3959,1526.9589,0
2025-01-29,2025,1,January,1506.0,1520.0,1500.0,1508.4,1508.75,0
2025-01-30,2025,1,January,1493.0,1517.0,1490.0,1500.7785,1508.7017,0
2025-01-31,2025,1,January,1475.0,1499.0,1440.0,1478.22,1477.99,0
2025-02-03,2025,2,February,1499.0,1500.0,1480.0,1488.99,1491.25,0
2025-02-03,2025,2,February,1499.0,1500.0,1480.0,1488.99,1491.25,0
2025-02-04,2025,2,February,1499.0,1502.0,1494.0,1497.41,1497.72,0
2025-02-05,2025,2,February,1500.0,1501.0,1495.0,1499.14,1499.02,0
2025-02-06,2025,2,February,1502.0,1507.0,1495.5,1499.982,1500.0,0
2025-02-07,2025,2,February,1502.5,1503.0,1496.0,1500.41,1500.58,0
2025-02-07,2025,2,February,1502.5,1503.0,1496.0,1500.41,1500.58,0
2025-02-10,2025,2,February,1502.0,1504.0,1495.75,1499.78,1499.88,0
2025-02-11,2025,2,February,1513.1,1508.0,1500.0,1503.0718,1503.6,0
2025-02-12,2025,2,February,1513.0,1515.0,1501.0,1504.3,1507.35,0
2025-02-13,2025,2,February,1515.0,1517.0,1501.0,1507.88,1509.1,0
2025-02-14,2025,2,February,1511.0,1520.0,1500.0,1508.6637,1510.2763,0
2025-02-17,2025,2,February,1512.0,1515.0,1504.0,1508.5889,1509.5663,0
2025-02-18,2025,2,February,1510.0,1515.0,1504.0,1507.223,1507.3287,0
2025-02-18,2025,2,February,1510.0,1515.0,1504.0,1507.223,1507.3287,0
2025-02-19,2025,2,February,1510.0,1513.0,1507.0,1509.0387,1509.0818,0
2025-02-20,2025,2,February,1496.0,1510.0,1490.0,1500.524,1500.7389,0
2025-02-21,2025,2,February,1502.5,1509.0,1491.0,1500.7304,1501.0266,0
2025-02-24,2025,2,February,1504.0,1504.0,1495.0,1497.11,1501.0,0
2025-02-25,2025,2,February,1501.5,1505.0,1495.0,1495.91,1501.95,0
2025-02-26,2025,2,February,1495.0,1503.0,1495.0,1499.11,1498.71,0
2025-02-27,2025,2,February,1496.0,1500.5,1496.0,1499.07,1499.02,0
2025-02-28,2025,2,February,1500.0,1504.0,1490.0,1492.49,1500.73,0
2025-03-03,2025,3,March,1499.0,1501.0,1497.0,1498.98,1499.23,0
2025-03-04,2025,3,March,1502.0,1503.0,1490.0,1491.67,1500.34,0
2025-03-05,2025,3,March,1505.0,1505.0,1497.1,1500.8,1501.61,0
2025-03-06,2025,3,March,1520.0,1520.0,1505.0,1512.3,1512.55,0
2025-03-07,2025,3,March,1542.0,1615.0,1505.75,1517.2448,1522.778,0
2025-03-10,2025,3,March,1528.0,1540.0,1512.0,1530.15,1532.29,0
2025-03-11,2025,3,March,1537.0,1540.0,1520.0,1536.1532,1535.7331,0
2025-03-12,2025,3,March,1546.0,1550.0,1532.0,1538.6807,1540.679,0
2025-03-13,2025,3,March,1549.0,1560.0,1543.09,1547.819,1549.8493,0
2025-03-14,2025,3,March,1548.0,1548.0,1480.0,1517.93,1522.37,0
2025-03-17,2025,3,March,1549.0,1552.0,1512.0,1528.03,1531.98,0
2025-03-18,2025,3,March,1539.0,1549.5,1522.7,1532.93,1536.12,0
2025-03-19,2025,3,March,1538.0,1545.0,1500.0,1530.52,1533.95,0
2025-03-20,2025,3,March,1536.0,1545.0,1526.17,1530.62,1534.33,0
2025-03-21,2025,3,March,1538.0,1540.0,1535.0,1536.89,1537.05,0
2025-03-24,2025,3,March,1533.0,1537.0,1527.5,1531.19,1532.29,0
2025-03-25,2025,3,March,1535.0,1537.0,1528.31,1532.39,1533.66,0
2025-03-26,2025,3,March,1539.0,1541.0,1528.0,1537.62,1537.8,0
2025-03-27,2025,3,March,1540.0,1540.0,1535.0,1538.66,1538.91,0
2025-03-28,2025,3,March,1537.0,1542.0,1520.0,1536.82,1538.26,0
2025-04-02,2025,4,April,1534.0,1535.0,1525.0,1531.25,1531.63,0
2025-04-03,2025,4,April,1569.0,1570.0,1535.0,1552.53,1550.74,0
2025-04-04,2025,4,April,1600.0,1625.0,1519.03,1567.02,1573.23,0
2025-04-07,2025,4,April,1629.0,1655.0,1590.0,1612.2368,1628.8934,0
2025-04-08,2025,4,April,1615.0,1634.0,1589.0,1611.5535,1612.9681,0
2025-04-09,2025,4,April,1644.0,1650.0,1589.0,1629.9366,1639.3026,0
2025-04-10,2025,4,April,1630.5,1636.0,1500.0,1591.8496,1603.7313,0
2025-04-11,2025,4,April,1626.0,1630.0,1570.0,1603.7832,1611.084,0
2025-04-14,2025,4,April,1599.0,1630.0,1593.1,1604.4809,1605.2533,0
2025-04-15,2025,4,April,1604.0,1605.0,1590.0,1598.9548,1601.4046,0
2025-04-16,2025,4,April,1599.0,1620.0,1575.0,1599.7991,1603.1592,0
2025-04-17,2025,4,April,1600.5,1603.0,1595.0,1599.9384,1599.9267,0
2025-04-22,2025,4,April,1606.0,1610.0,1598.5,1602.6318,1603.1614,0
2025-04-23,2025,4,April,1603.0,1606.0,1591.23,1602.3043,1603.5097,0
2025-04-24,2025,4,April,1605.0,1607.0,1599.99,1601.8226,1603.0128,0
2025-04-25,2025,4,April,1589.0,1605.0,1580.0,1599.5491,1599.4233,0
2025-04-28,2025,4,April,1596.0,1603.5,1596.0,1599.9452,1601.3785,0
2025-04-29,2025,4,April,1602.0,1602.02,1596.7,1599.7055,1600.0409,0
2025-04-30,2025,4,April,1602.0,1603.5,1580.0,1596.6891,1599.4955,0
2025-05-02,2025,5,May,1606.0,1606.5,1600.0,1602.1811,1602.6901,0
2025-05-05,2025,5,May,1605.0,1611.0,1601.98,1605.6284,1606.9066,0
2025-05-06,2025,5,May,1609.0,1609.5,1603.0,1606.6413,1606.75,0
2025-05-07,2025,5,May,1612.0,1615.0,1605.01,1608.6036,1610.4596,0
2025-05-08,2025,5,May,1608.1,1614.0,1608.0,1609.6357,1609.5736,0
2025-05-09,2025,5,May,1607.0,1609.0,1604.39,1606.1524,1606.6412,0
2025-05-12,2025,5,May,1597.7,1605.05,1595.0,1600.4396,1600.2997,0
2025-05-12,2025,5,May,1597.7,1605.05,1595.0,1600.4396,1600.2997,0
2025-05-13,2025,5,May,1599.75,1610.5,1597.0,1600.0307,1600.007,0
2025-05-14,2025,5,May,1596.01,1600.0,1595.0,1596.7,1596.7469,0
2025-05-15,2025,5,May,1599.99,1604.0,1597.1,1599.3294,1600.1503,0
2025-05-16,2025,5,May,1599.01,1603.5,1597.0,1598.721,1599.5733,0
2025-05-19,2025,5,May,1597.0,1601.5,1580.0,1598.6885,1598.9389,0
2025-05-20,2025,5,May,1588.5,1599.5,1560.0,1590.4571,1591.2487,0
2025-05-21,2025,5,May,1583.0,1590.0,1582.5,1584.4966,1584.2558,0
2025-05-22,2025,5,May,1586.0,1588.5,1582.0,1584.9542,1584.9881,0
2025-05-23,2025,5,May,1579.0,1585.0,1575.13,1580.4411,1581.5919,0
2025-05-23,2025,5,May,1579.0,1585.0,1575.13,1580.4411,1581.5919,0
2025-05-26,2025,5,May,1583.0,1583.0,1578.0,1579.408,1579.6454,0
2025-05-27,2025,5,May,1590.0,1591.0,1581.92,1583.7388,1585.7599,0
2025-05-28,2025,5,May,1592.0,1595.0,1589.5,1590.7471,1591.6037,0
2025-05-29,2025,5,May,1587.0,1590.7,1584.5,1586.152,1586.4941,0
2025-05-30,2025,5,May,1585.5,1589.0,1584.5,1586.1524,1586.194,0
2025-06-02,2025,6,June,1580.0,1584.0,1579.0,1581.5866,1581.484,0
2025-06-03,2025,6,June,1579.0,1582.0,1577.01,1579.275,1579.454,0
2025-06-04,2025,6,June,1564.0,1577.0,1556.5,1565.4625,1565.9481,0
2025-06-05,2025,6,June,1551.0,1560.0,1545.0,1553.1157,1552.6193,0
2025-06-10,2025,6,June,1540.0,1557.98,1532.0,1540.0481,1540.2364,0
2025-06-11,2025,6,June,1545.0,1546.5,1538.0,1539.7248,1539.96,0
2025-06-13,2025,6,June,1554.0,1570.0,1537.0,1549.3511,1551.8473,0
2025-06-16,2025,6,June,1543.0,1555.0,1541.0,1544.6264,1544.5692,0
2025-06-17,2025,6,June,1547.5,1547.9,1541.0,1545.265,1545.2892,0
2025-06-18,2025,6,June,1550.9,1551.0,1547.5,1549.2093,1549.1291,0
2025-06-19,2025,6,June,1551.0,1553.99,1546.0,1549.4193,1550.5547,0
2025-06-19,2025,6,June,1551.0,1553.99,1546.0,1549.4193,1550.5547,0
2025-06-20,2025,6,June,1547.0,1552.0,1545.0,1547.3636,1547.7079,0
2025-06-23,2025,6,June,1550.0,1551.0,1545.0,1548.5237,1548.5289,0
2025-06-24,2025,6,June,1550.0,1550.5,1547.5,1549.0368,1549.0886,0
2025-06-25,2025,6,June,1549.0,1553.0,1548.0,1549.2616,1549.2104,0
2025-06-26,2025,6,June,1543.0,1549.5,1534.0,1536.0817,1543.9363,0
2025-06-27,2025,6,June,1537.0,1547.0,1535.9,1539.2359,1538.6213,0
2025-06-30,2025,6,June,1532.0,1533.0,1528.0,1529.7105,1529.7371,0
2025-07-01,2025,7,July,1527.0,1531.5,1521.0,1529.5795,1529.6342,0
2025-07-02,2025,7,July,1525.0,1532.0,1524.0,1526.1577,1526.3121,0
2025-07-03,2025,7,July,1527.5,1527.5,1524.5,1525.8246,1525.9991,0
2025-07-04,2025,7,July,1528.5,1530.0,1526.0,1528.5616,1528.4902,0
2025-07-07,2025,7,July,1529.5,1531.0,1520.0,1528.3301,1520.0,0
2025-07-08,2025,7,July,1530.5,1532.5,1527.0,1529.223,1529.8959,0
2025-07-09,2025,7,July,1520.0,1530.0,1520.0,1520.749,1525.7581,0
2025-07-10,2025,7,July,1531.0,1531.0,1520.0,1525.98,1526.6,0
2025-07-11,2025,7,July,1532.0,1535.0,1516.0,1530.2634,1531.1,0
2025-07-14,2025,7,July,1528.65,1532.0,1515.0,1518.8873,1529.7495,0
2025-07-16,2025,7,July,1531.0,1533.0,1527.0,1530.2562,1529.9647,0
2025-07-17,2025,7,July,1536.0,1538.0,1520.0,1533.1109,1533.2244,0
2025-07-18,2025,7,July,1535.0,1536.5,1528.0,1532.3405,1533.3218,0
2025-07-21,2025,7,July,1535.0,1535.45,1529.0,1532.5428,1533.6442,0
2025-07-22,2025,7,July,1536.0,1537.0,1534.0,1535.2369,1535.4759,0
2025-07-23,2025,7,July,1537.0,1537.55,1530.0,1535.6169,1536.044,0
2025-07-24,2025,7,July,1534.0,1537.45,1533.5,1534.7887,1534.88,0
2025-07-25,2025,7,July,1534.5,1536.0,1534.0,1534.7193,1534.66,0
2025-07-28,2025,7,July,1535.5,1535.5,1532.0,1534.209,1534.39,0
2025-07-29,2025,7,July,1532.5,1535.5,1520.0,1533.1823,1533.2945,0
2025-07-30,2025,7,July,1537.0,1535.5,1532.0,1534.5214,1534.4838,0
2025-07-31,2025,7,July,1534.0,1535.0,1533.0,1533.554,1533.69,0
2025-08-01,2025,8,August,1535.5,1535.5,1532.0,1533.7443,1533.94,0
2025-08-04,2025,8,August,1533.85,1534.5,1529.51,1531.954,1532.65,0
2025-08-05,2025,8,August,1533.5,1534.0,1532.0,1533.1032,1533.03,0
2025-08-06,2025,8,August,1537.25,1537.25,1528.0,1534.4368,1534.5063,0
2025-08-07,2025,8,August,1535.0,1535.99,1531.99,1533.7313,1534.34,0
2025-08-08,2025,8,August,1534.9,1536.0,1532.5,1533.5652,1534.29,0
2025-08-11,2025,8,August,1538.45,1538.45,1526.0,1535.9285,1535.9673,0
2025-08-12,2025,8,August,1536.85,1543.0,1535.9,1537.0949,1537.3764,0
2025-08-13,2025,8,August,1535.49,1536.5,1533.0,1534.8274,1534.911,0
2025-08-14,2025,8,August,1534.0,1535.5,1533.5,1534.5244,1534.5409,0
2025-08-15,2025,8,August,1530.0,1535.0,1529.75,1532.5145,1532.7332,0
2025-08-18,2025,8,August,1534.8,1535.0,1532.0,1533.6715,1533.7785,0
2025-08-19,2025,8,August,1534.5,1535.5,1534.0,1534.9346,1534.9272,0
2025-08-20,2025,8,August,1537.99,1538.5,1534.0,1536.7346,1536.1774,0
2025-08-21,2025,8,August,1535.51,1538.0,1535.25,1535.7833,1535.891,0
2025-08-22,2025,8,August,1535.01,1536.0,1534.5,1535.0379,1535.0801,0
2025-08-25,2025,8,August,1536.99,1537.0,1535.5,1536.4245,1536.5092,0
2025-08-26,2025,8,August,1538.0,1539.5,1536.5,1537.616,1538.0094,0
2025-08-27,2025,8,August,1537.2,1538.5,1536.25,1537.0748,1537.1957,0
2025-08-28,2025,8,August,1533.0,1538.54,1535.0,1535.4746,1535.6077,0
2025-08-29,2025,8,August,1531.0,1534.5,1525.0,1531.5703,1531.4451,0
2025-09-01,2025,9,September,1527.9,1531.0,1522.0,1526.094,1526.1044,0
2025-09-02,2025,9,September,1525.45,1528.0,1523.0,1526.0565,1525.7644,0
2025-09-03,2025,9,September,1522.0,1525.0,1518.0,1521.4569,1521.3192,0
2025-09-04,2025,9,September,1511.5,1529.0,1508.0,1514.8671,1512.9563,0
2025-09-08,2025,9,September,1513.0,1513.0,1501.5,1506.8433,1507.8487,71
2025-09-09,2025,9,September,1506.5,1509.5,1497.0,1506.085,1506.2073,0
2025-09-10,2025,9,September,1502.5,1507.0,1498.0,1500.9152,1501.297,115
2025-09-11,2025,9,September,1503.0,1503.5,1501.0,1502.1311,1502.1381,0
2025-09-12,2025,9,September,1503.5,1503.5,1498.0,1501.4991,1501.8676,0
2025-09-15,2025,9,September,1495.0,1502.0,1493.0,1497.4655,1497.2338,0
2025-09-16,2025,9,September,1485.05,1490.0,1479.5,1484.1395,1484.6189,0
2025-09-17,2025,9,September,1498.0,1498.5,1488.0,1494.0126,1494.7452,0
2025-09-18,2025,9,September,1490.0,1510.0,1487.0,1498.9763,1499.6397,0
2025-09-19,2025,9,September,1488.0,1499.0,1481.0,1487.8962,1489.4941,0
2025-09-22,2025,9,September,1491.49,1492.0,1486.0,1488.6017,1488.9247,0
2025-09-23,2025,9,September,1493.2,1495.0,1482.55,1487.3651,1488.9179,0
2025-09-24,2025,9,September,1486.8,1498.0,1481.0,1488.5642,1490.0633,0
2025-09-25,2025,9,September,1485.0,1491.99,1485.0,1488.2578,1488.3488,0
2025-09-26,2025,9,September,1480.0,1487.0,1471.0,1480.657,1480.326,0
2025-09-29,2025,9,September,1480.15,1486.5,1475.0,1476.3477,1480.9871,0
2025-09-30,2025,9,September,1478.0,1480.0,1470.0,1475.3473,1476.8276,0
2025-10-02,2025,10,October,1464.85,1468.0,1445.0,1455.2373,1455.421,0
2025-10-03,2025,10,October,1469.0,1472.0,1446.0,1465.6776,1464.9399,0
2025-10-06,2025,10,October,1464.0,1475.5,1464.0,1470.2614,1470.8435,0
2025-10-07,2025,10,October,1472.0,1477.0,1467.05,1471.0892,1472.1659,0
2025-10-08,2025,10,October,1469.0,1475.0,1468.0,1470.6202,1470.6204,0
2025-10-09,2025,10,October,1464.0,1472.0,1463.5,1466.6526,1466.4537,0
2025-10-10,2025,10,October,1458.0,1462.5,1445.0,1455.173,1455.3533,0
2025-10-13,2025,10,October,1460.0,1463.5,1448.0,1457.5122,1457.3404,0
2025-10-14,2025,10,October,1467.01,1474.0,1457.0,1463.2342,1464.0802,0
2025-10-15,2025,10,October,1472.5,1479.0,1465.0,1473.2943,1472.8748,0
2025-10-16,2025,10,October,1474.0,1475.0,1464.42,1471.0299,1471.8759,0
2025-10-17,2025,10,October,1471.0,1482.0,1469.0,1475.3516,1475.2843,0
2025-10-20,2025,10,October,1464.0,1470.0,1464.0,1465.2936,1465.541,0
2025-10-21,2025,10,October,1464.5,1466.5,1462.0,1463.452,1463.6465,0
2025-10-22,2025,10,October,1462.0,1466.0,1452.0,1463.4375,1463.5756,0
2025-10-23,2025,10,October,1461.0,1464.0,1458.0,1460.4939,1460.6637,0
2025-10-24,2025,10,October,1455.5,1463.0,1455.5,1457.9571,1458.4056,0
2025-10-27,2025,10,October,1452.5,1457.0,1450.0,1452.7943,1453.0716,0
2025-10-28,2025,10,October,1447.0,1456.0,1445.0,1448.205,1448.3225,0
2025-10-29,2025,10,October,1445.0,1450.0,1442.0,1444.422,1444.353,0
2025-10-30,2025,10,October,1431.0,1445.0,1431.0,1436.9701,1437.2577,0
2025-10-31,2025,10,October,1427.5,1434.5,1415.01,1421.7343,1422.248,0
2025-11-03,2025,11,November,1438.0,1440.0,1430.6,1436.3427,1436.4423,0
2025-11-04,2025,11,November,1441.75,1442.45,1430.0,1433.6585,1434.8473,0
2025-11-05,2025,11,November,1440.0,1446.0,1435.0,1438.495,1439.0155,0
2025-11-06,2025,11,November,1437.5,1441.0,1434.0,1436.742,1436.7294,0
2025-11-07,2025,11,November,1438.5,1438.5,1434.5,1436.5778,1436.6961,0
2025-11-10,2025,11,November,1437.5,1442.0,1435.0,1437.2933,1437.6291,0
2025-11-11,2025,11,November,1440.89,1440.89,1436.0,1438.711,1439.1116,0
2025-11-12,2025,11,November,1444.85,1444.85,1438.0,1443.0804,1442.9457,0
2025-11-13,2025,11,November,1440.95,1445.5,1437.0,1440.1723,1440.1988,0
2025-11-14,2025,11,November,1444.0,1444.95,1435.03,1442.4309,1442.5907,0
2025-11-17,2025,11,November,1447.0,1450.25,1440.0,1448.0304,1447.7089,0
2025-11-18,2025,11,November,1458.0,1459.0,1440.0,1447.4297,1449.7528,0
2025-11-19,2025,11,November,1451.0,1460.5,1449.96,1454.1849,1455.5981,0
2025-11-20,2025,11,November,1459.95,1459.99,1450.0,1452.1342,1452.4654,0
2025-11-21,2025,11,November,1458.0,1462.0,1453.61,1456.7249,1457.3822,0
2025-11-24,2025,11,November,1452.0,1462.5,1451.0,1453.8443,1454.2481,0
2025-11-25,2025,11,November,1441.0,1455.0,1441.0,1446.3156,1446.3205,0
2025-11-26,2025,11,November,1442.0,1445.5,1436.5,1442.9201,1443.203,0
2025-11-27,2025,11,November,1445.9,1446.0,1442.0,1443.9028,1444.0199,0
2025-11-28,2025,11,November,1446.9,1449.75,1445.0,1446.7421,1446.9735,63
2025-12-01,2025,12,December,1450.01,1452.0,1445.0,1448.4355,1448.4043,0
2025-12-02,2025,12,December,1447.0,1450.5,1443.0,1445.3929,1445.3581,0
2025-12-03,2025,12,December,1447.5,1450.0,1443.5,1447.6494,1447.8217,0
2025-12-04,2025,12,December,1449.0,1450.0,1446.0,1447.8263,1448.6496,0
2025-12-05,2025,12,December,1454.0,1456.0,1448.29,1450.4287,1452.3895,0
2025-12-08,2025,12,December,1454.0,1457.0,1450.25,1451.863,1453.3639,0
2025-12-09,2025,12,December,1454.0,1456.5,1450.25,1454.3805,1454.427,0
2025-12-10,2025,12,December,1458.0,1458.0,1453.76,1455.3823,1456.1241,0
2025-12-11,2025,12,December,1455.25,1459.0,1453.55,1456.0656,1456.4073,0
2025-12-12,2025,12,December,1455.5,1458.5,1453.0,1454.4123,1454.5012,0
2025-12-15,2025,12,December,1454.0,1455.0,1450.0,1451.8169,1452.3837,0
2025-12-16,2025,12,December,1457.0,1458.99,1452.0,1455.0817,1455.4802,0
2025-12-17,2025,12,December,1458.02,1460.75,1453.07,1455.4983,1457.8395,0
2025-12-18,2025,12,December,1462.9,1462.9,1456.5,1457.8402,1459.3597,0
2025-12-19,2025,12,December,1466.5,1469.9,1460.0,1464.4974,1465.5126,0
2025-12-22,2025,12,December,1456.0,1466.0,1431.0,1456.5637,1457.3517,0
2025-12-23,2025,12,December,1452.0,1455.5,1447.5,1449.9869,1450.3049,0
2025-12-24,2025,12,December,1451.0,1455.0,1435.01,1443.3767,1445.8479,0
2025-12-29,2025,12,December,1446.4,1450.0,1438.15,1442.5126,1444.355,0
2025-12-30,2025,12,December,1445.0,1447.0,1443.0,1445.6828,1445.6766,0
2025-12-31,2025,12,December,1429.0,1439.5,1427.0,1435.7571,1436.3106,0
2026-01-02,2026,1,January,1431.0,1438.5,1427.0,1430.8479,1431.1265,0
2026-01-05,2026,1,January,1428.0,1433.0,1424.0,1429.3054,1429.4128,0
2026-01-06,2026,1,January,1416.0,1426.0,1414.0,1419.065,1420.1161,0
2026-01-07,2026,1,January,1421.0,1423.0,1415.0,1418.2606,1418.4442,0
2026-01-08,2026,1,January,1421.0,1422.0,1418.0,1419.7151,1419.9258,0
2026-01-09,2026,1,January,1424.5,1430.0,1420.15,1423.1674,1424.272,0
2026-01-12,2026,1,January,1425.0,1426.0,1419.0,1421.4581,1421.9705,0
2026-01-13,2026,1,January,1420.25,1424.0,1418.0,1419.6585,1419.8775,0
2026-01-14,2026,1,January,1419.5,1421.0,1419.0,1420.0375,1420.2002,0
2026-01-15,2026,1,January,1420.0,1422.0,1418.0,1419.2844,1419.5368,0
2026-01-16,2026,1,January,1417.95,1420.5,1416.8,1417.9483,1418.1656,0
2026-01-19,2026,1,January,1420.5,1421.0,1419.5,1420.2814,1420.3325,0
2026-01-20,2026,1,January,1420.0,1421.0,1418.4,1419.3452,1419.392,0
2026-01-21,2026,1,January,1423.0,1423.0,1419.0,1420.692,1421.057,0
2026-01-22,2026,1,January,1421.5,1423.5,1421.0,1422.0703,1422.1474,0
2026-01-23,2026,1,January,1421.9,1423.5,1420.0,1421.6265,1421.7565,0
2026-01-26,2026,1,January,1416.5,1422.5,1415.1,1418.9522,1418.6025,0
2026-01-27,2026,1,January,1409.5,1415.0,1400.0,1401.2209,1408.2815,0
2026-01-28,2026,1,January,1394.0,1409.0,1392.0,1399.9503,1400.7368,0
2026-01-29,2026,1,January,1385.0,1400.0,1367.0,1396.9909,1380.716,0
2026-01-30,2026,1,January,1391.0,1392.0,1381.0,1386.5532,1387.1074,0
2026-02-02,2026,2,February,1384.5,1396.0,1381.0,1390.3622,1390.5387,0
2026-02-03,2026,2,February,1367.0,1387.0,1360.0,1372.9142,1372.5186,0
2026-02-04,2026,2,February,1359.0,1365.0,1348.0,1358.2839,1357.1987,0
2026-02-05,2026,2,February,1368.0,1370.0,1361.8,1366.0573,1366.3652,0
2026-02-06,2026,2,February,1363.0,1373.0,1361.0,1366.1954,1366.7828,0
2026-02-09,2026,2,February,1354.9,1360.0,1352.5,1354.2574,1354.5854,0
2026-02-10,2026,2,February,1349.5,1354.0,1349.3,1351.0205,1351.0554,0
2026-02-11,2026,2,February,1350.0,1351.5,1345.0,1348.9529,1348.8069,0
2026-02-12,2026,2,February,1355.0,1357.0,1350.0,1353.6556,1354.0747,0
2026-02-13,2026,2,February,1358.0,1358.0,1353.0,1355.4181,1355.4474,0
2026-02-16,2026,2,February,1344.0,1353.0,1342.5,1347.7789,1348.1149,0
2026-02-17,2026,2,February,1337.0,1344.0,1318.0,1335.958,1334.6334,0
2026-02-18,2026,2,February,1340.0,1340.0,1328.0,1338.1066,1337.1657,0
2026-02-19,2026,2,February,1346.0,1350.0,1332.25,1341.3509,1339.5458,0
2026-02-20,2026,2,February,1348.0,1349.25,1343.0,1346.3234,1346.0829,0
2026-02-23,2026,2,February,1353.5,1354.5,1343.0,1349.2352,1349.2371,0
2026-02-24,2026,2,February,1359.0,1362.0,1351.5,1355.3745,1356.4223,0
2026-02-25,2026,2,February,1359.5,1361.5,1353.0,1356.1141,1356.9775,0
2026-02-26,2026,2,February,1361.5,1362.9,1356.5,1359.8181,1359.8007,0
2026-02-27,2026,2,February,1368.5,1369.0,1345.0,1363.3954,1364.7455,0
2026-03-02,2026,3,March,1376.0,1397.0,1368.5,1378.0246,1378.4822,0
2026-03-03,2026,3,March,1390.0,1405.0,1370.0,1384.292,1386.9084,0
2026-03-04,2026,3,March,1382.65,1400.0,1382.5,1387.0955,1388.135,0
2026-03-05,2026,3,March,1388.0,1392.0,1385.5,1387.4475,1387.8597,0
2026-03-06,2026,3,March,1398.0,1404.0,1398.0,1393.2556,1394.5528,0
2026-03-09,2026,3,March,1425.0,1425.0,1402.3,1405.6238,1411.3353,0
2026-03-10,2026,3,March,1390.5,1415.5,1381.0,1401.4014,1400.1341,428
2026-03-11,2026,3,March,1373.5,1388.0,1373.0,1376.1925,1377.0949,388
2026-03-12,2026,3,March,1370.0,1390.0,1362.0,1371.5063,1372.6543,354
2026-03-13,2026,3,March,1363.5,1374.0,1362.0,1366.233,1366.4089,374
2026-03-16,2026,3,March,1355.0,1365.35,1354.0,1357.7697,1358.715,272
2026-03-17,2026,3,March,1345.0,1355.0,1340.0,1344.4158,1344.5358,342
2026-03-18,2026,3,March,1362.0,1362.0,1349.0,1353.9018,1355.0659,255
2026-03-23,2026,3,March,1383.0,1399.0,1380.0,1388.3841,1387.7055,404
2026-03-24,2026,3,March,1383.5,1389.0,1372.0,1382.6325,1381.8642,293
2026-03-25,2026,3,March,1391.0,1391.5,1376.0,1386.7049,1387.2227,231
2026-03-26,2026,3,March,1389.0,1391.0,1375.0,1383.883,1385.5284,318
2026-03-27,2026,3,March,1384.25,1384.5,1377.0,1380.5766,1381.0235,353
2026-03-30,2026,3,March,1386.75,1391.0,1380.0,1383.5814,1384.5513,303
2026-03-31,2026,3,March,1387.0,1388.0,1385.5,1386.7156,1386.6932,206
2026-04-01,2026,4,April,1376.0,1384.5,1372.0,1378.7011,1378.4936,376
2026-04-02,2026,4,April,1382.75,1385.0,1373.0,1380.7942,1380.9818,267
2026-04-07,2026,4,April,1389.0,1390.0,1381.0,1386.6573,1386.3062,267
2026-04-08,2026,4,April,1369.0,1388.0,1363.5,1371.8224,1371.613,515
2026-04-09,2026,4,April,1365.0,1365.0,1351.5,1359.3156,1359.895,322
2026-04-10,2026,4,April,1355.25,1362.5,1354.5,1356.8898,1356.8947,353
2026-04-13,2026,4,April,1358.0,1363.0,1355.0,1356.1852,1356.76,246
2026-04-14,2026,4,April,1348.0,1350.0,1334.0,1343.7658,1344.3746,415
2026-04-15,2026,4,April,1341.99,1350.0,1341.99,1343.7409,1343.8061,340
2026-04-16,2026,4,April,1341.01,1344.0,1340.0,1342.3037,1342.2405,268
2026-04-17,2026,4,April,1342.5,1348.0,1340.0,1343.6398,1343.4224,390
2026-04-20,2026,4,April,1349.67,1353.0,1341.0,1349.6737,1349.7223,188
2026-04-21,2026,4,April,1350.99,1357.0,1345.0,1350.7402,1350.0253,294
2026-04-22,2026,4,April,1348.1,1350.45,1340.0,1348.4492,1348.6563,257
2026-04-23,2026,4,April,1355.0,1355.8,1350.0,1353.9081,1354.1859,184
2026-04-24,2026,4,April,1361.5,1361.5,1354.0,1358.4351,1358.6634,228
2026-04-27,2026,4,April,1369.0,1370.0,1359.5,1364.2374,1364.5433,241
2026-04-28,2026,4,April,1383.0,1385.0,1367.5,1380.7066,1380.1973,251
2026-04-29,2026,4,April,1370.5,1386.0,1365.0,1379.4605,1378.472,393
2026-04-30,2026,4,April,1374.0,1378.0,1370.0,1374.9431,1375.1925,241
2026-05-04,2026,5,May,1367.5,1374.5,1362.0,1365.2474,1365.8909,262
2026-05-05,2026,5,May,1362.0,1370.5,1362.0,1366.5592,1366.2722,287
2026-05-06,2026,5,May,1361.0,1365.5,1350.0,1357.3371,1357.4116,368
2026-05-07,2026,5,May,1358.01,1360.5,1354.0,1355.8502,1355.9429,327
2026-05-08,2026,5,May,1364.0,1366.5,1355.0,1361.395,1361.4499,277
2026-05-11,2026,5,May,1375.0,1375.0,1367.0,1373.164,1372.9822,211
2026-05-12,2026,5,May,1373.0,1377.99,1372.75,1375.6219,1375.9053,281
2026-05-13,2026,5,May,1368.95,1376.0,1367.0,1370.56,1370.22,347
2026-05-14,2026,5,May,1371.0,1372.0,1369.5,1370.8862,1370.9728,289
2026-05-15,2026,5,May,1372.0,1373.9,1369.0,1371.0391,1371.4966,213
2026-05-18,2026,5,May,1373.5,1374.5,1370.0,1373.7004,1373.6416,261
2026-05-19,2026,5,May,1373.65,1374.99,1370.0,1373.8717,1373.8262,261
2026-05-20,2026,5,May,1372.5,1374.0,1372.5,1373.3431,1373.4098,302
2026-05-21,2026,5,May,1372.75,1374.0,1370.0,1372.3079,1372.3163,304
2026-05-22,2026,5,May,1375.0,1377.9,1374.0,1375.458,1375.6624,248
2026-05-25,2026,5,May,1377.0,1377.0,1373.0,1374.9172,1374.9075,217
2026-05-26,2026,5,May,1374.0,1376.99,1374.0,1375.4073,1375.4419,303
2026-05-29,2026,5,May,1372.0,1375.0,1372.0,1373.2545,1373.219,327
2026-06-01,2026,6,June,1366.0,1373.5,1360.0,1366.795,1366.7305,392
2026-06-02,2026,6,June,1360.22,1365.0,1359.5,1361.0497,1361.1062,376
2026-06-03,2026,6,June,1360.0,1370.0,1350.0,1357.2615,1358.0835,332
2026-06-04,2026,6,June,1359.75,1361.5,1356.75,1358.7478,1359.1385,320
2026-06-05,2026,6,June,1365.0,1366.0,1360.0,1362.2123,1362.473,276
2026-06-08,2026,6,June,1362.16,1365.5,1361.0,1362.8397,1362.8906,266
2026-06-09,2026,6,June,1359.5,1363.0,1359.0,1360.5519,1360.7971,336
2026-06-10,2026,6,June,1363.0,1363.5,1360.0,1362.0549,1362.125,314
2026-06-11,2026,6,June,1365.4,1365.5,1362.0,1363.825,1363.9476,255
2026-06-15,2026,6,June,1356.0,1360.0,1354.5,1356.2704,1356.5328,437
2026-06-16,2026,6,June,1356.5,1359.0,1355.5,1357.1808,1357.1743,306
2026-06-17,2026,6,June,1361.5,1361.5,1357.0,1360.0725,1360.1364,259
2026-06-18,2026,6,June,1365.5,1366.0,1361.0,1363.304,1363.2544,253
2026-06-19,2026,6,June,1371.5,1374.0,1365.0,1370.4556,1370.7539,201
2026-06-22,2026,6,June,1369.0,1373.0,1368.0,1369.1064,1369.3293,290
2026-06-23,2026,6,June,1373.0,1375.0,1365.5,1370.6373,1370.7927,320
2026-06-24,2026,6,June,1389.0,1392.0,1368.0,1380.0775,1380.4642,327
2026-06-25,2026,6,June,1383.0,1390.5,1376.0,1380.1079,1382.184,304
2026-06-26,2026,6,June,1384.0,1385.5,1376.0,1380.9329,1382.0238,299
2026-06-29,2026,6,June,1385.0,1390.0,1377.5,1383.6262,1384.425,378
2026-06-30,2026,6,June,1376.0,1384.0,1370.0,1379.6842,1379.3691,399
2026-07-01,2026,7,July,1369.0,1378.5,1368.0,1372.4072,1372.0429,305
2026-07-02,2026,7,July,1371.4,1373.0,1360.0,1370.1516,1370.125,295
2026-07-03,2026,7,July,1370.0,1373.0,1369.0,1370.1904,1370.1732,0
