date,year,month,month_name,state,zone,pms_price_ngn
2024-11-01,2024,11,November,Abia,South East,1260.66
2024-12-01,2024,12,December,Abia,South East,1224.67
2025-01-01,2025,1,January,Abia,South East,1308.26
2025-02-01,2025,2,February,Abia,South East,1272.0
2025-03-01,2025,3,March,Abia,South East,1305.0
2025-04-01,2025,4,April,Abia,South East,1227.15
2025-05-01,2025,5,May,Abia,South East,1059.02
2025-06-01,2025,6,June,Abia,South East,1041.28
2025-07-01,2025,7,July,Abia,South East,1025.75
2025-08-01,2025,8,August,Abia,South East,975.0
2025-09-01,2025,9,September,Abia,South East,1000.25
2025-10-01,2025,10,October,Abia,South East,1012.5
2025-11-01,2025,11,November,Abia,South East,1040.42
2025-12-01,2025,12,December,Abia,South East,1032.12
2026-01-01,2026,1,January,Abia,South East,1054.25
2026-02-01,2026,2,February,Abia,South East,1095.19
2026-03-01,2026,3,March,Abia,South East,1247.84
2026-04-01,2026,4,April,Abia,South East,1557.39
2024-11-01,2024,11,November,Abuja,North Central,1230.56
2024-12-01,2024,12,December,Abuja,North Central,1102.25
2025-01-01,2025,1,January,Abuja,North Central,1182.0
2025-02-01,2025,2,February,Abuja,North Central,1166.0
2025-03-01,2025,3,March,Abuja,North Central,1149.41
2025-04-01,2025,4,April,Abuja,North Central,1180.42
2025-05-01,2025,5,May,Abuja,North Central,1029.8
2025-06-01,2025,6,June,Abuja,North Central,1050.36
2025-07-01,2025,7,July,Abuja,North Central,1033.69
2025-08-01,2025,8,August,Abuja,North Central,1009.92
2025-09-01,2025,9,September,Abuja,North Central,962.69
2025-10-01,2025,10,October,Abuja,North Central,1039.17
2025-11-01,2025,11,November,Abuja,North Central,1065.74
2025-12-01,2025,12,December,Abuja,North Central,1033.78
2026-01-01,2026,1,January,Abuja,North Central,959.61
2026-02-01,2026,2,February,Abuja,North Central,1006.33
2026-03-01,2026,3,March,Abuja,North Central,1268.49
2026-04-01,2026,4,April,Abuja,North Central,1553.75
2024-11-01,2024,11,November,Adamawa,North East,1319.85
2024-12-01,2024,12,December,Adamawa,North East,1301.33
2025-01-01,2025,1,January,Adamawa,North East,1350.0
2025-02-01,2025,2,February,Adamawa,North East,1400.0
2025-03-01,2025,3,March,Adamawa,North East,1400.0
2025-04-01,2025,4,April,Adamawa,North East,1370.0
2025-05-01,2025,5,May,Adamawa,North East,1053.4
2025-06-01,2025,6,June,Adamawa,North East,1083.4
2025-07-01,2025,7,July,Adamawa,North East,1063.4
2025-08-01,2025,8,August,Adamawa,North East,1025.26
2025-09-01,2025,9,September,Adamawa,North East,995.1
2025-10-01,2025,10,October,Adamawa,North East,1053.01
2025-11-01,2025,11,November,Adamawa,North East,1055.72
2025-12-01,2025,12,December,Adamawa,North East,1052.75
2026-01-01,2026,1,January,Adamawa,North East,1090.19
2026-02-01,2026,2,February,Adamawa,North East,1096.63
2026-03-01,2026,3,March,Adamawa,North East,1350.73
2026-04-01,2026,4,April,Adamawa,North East,1417.58
2024-11-01,2024,11,November,Akwa Ibom,South South,1203.93
2024-12-01,2024,12,December,Akwa Ibom,South South,1146.94
2025-01-01,2025,1,January,Akwa Ibom,South South,1287.5
2025-02-01,2025,2,February,Akwa Ibom,South South,1162.5
2025-03-01,2025,3,March,Akwa Ibom,South South,1184.06
2025-04-01,2025,4,April,Akwa Ibom,South South,1139.0
2025-05-01,2025,5,May,Akwa Ibom,South South,1033.41
2025-06-01,2025,6,June,Akwa Ibom,South South,1033.41
2025-07-01,2025,7,July,Akwa Ibom,South South,1033.41
2025-08-01,2025,8,August,Akwa Ibom,South South,973.51
2025-09-01,2025,9,September,Akwa Ibom,South South,957.14
2025-10-01,2025,10,October,Akwa Ibom,South South,1064.33
2025-11-01,2025,11,November,Akwa Ibom,South South,1064.33
2025-12-01,2025,12,December,Akwa Ibom,South South,1059.43
2026-01-01,2026,1,January,Akwa Ibom,South South,1112.78
2026-02-01,2026,2,February,Akwa Ibom,South South,1109.44
2026-03-01,2026,3,March,Akwa Ibom,South South,1301.52
2026-04-01,2026,4,April,Akwa Ibom,South South,1585.6
2024-11-01,2024,11,November,Anambra,South East,1270.75
2024-12-01,2024,12,December,Anambra,South East,1238.76
2025-01-01,2025,1,January,Anambra,South East,1080.0
2025-02-01,2025,2,February,Anambra,South East,1021.67
2025-03-01,2025,3,March,Anambra,South East,1142.45
2025-04-01,2025,4,April,Anambra,South East,1240.69
2025-05-01,2025,5,May,Anambra,South East,1084.13
2025-06-01,2025,6,June,Anambra,South East,1088.2
2025-07-01,2025,7,July,Anambra,South East,1016.53
2025-08-01,2025,8,August,Anambra,South East,1055.27
2025-09-01,2025,9,September,Anambra,South East,989.02
2025-10-01,2025,10,October,Anambra,South East,1068.24
2025-11-01,2025,11,November,Anambra,South East,1068.24
2025-12-01,2025,12,December,Anambra,South East,1066.6
2026-01-01,2026,1,January,Anambra,South East,980.79
2026-02-01,2026,2,February,Anambra,South East,1077.51
2026-03-01,2026,3,March,Anambra,South East,1441.22
2026-04-01,2026,4,April,Anambra,South East,1515.72
2024-11-01,2024,11,November,Bauchi,North East,1181.69
2024-12-01,2024,12,December,Bauchi,North East,1183.48
2025-01-01,2025,1,January,Bauchi,North East,1225.0
2025-02-01,2025,2,February,Bauchi,North East,1090.0
2025-03-01,2025,3,March,Bauchi,North East,1125.55
2025-04-01,2025,4,April,Bauchi,North East,1186.98
2025-05-01,2025,5,May,Bauchi,North East,1053.73
2025-06-01,2025,6,June,Bauchi,North East,1055.34
2025-07-01,2025,7,July,Bauchi,North East,1030.34
2025-08-01,2025,8,August,Bauchi,North East,977.35
2025-09-01,2025,9,September,Bauchi,North East,956.29
2025-10-01,2025,10,October,Bauchi,North East,1078.34
2025-11-01,2025,11,November,Bauchi,North East,1082.6
2025-12-01,2025,12,December,Bauchi,North East,1079.61
2026-01-01,2026,1,January,Bauchi,North East,967.01
2026-02-01,2026,2,February,Bauchi,North East,1005.45
2026-03-01,2026,3,March,Bauchi,North East,1290.47
2026-04-01,2026,4,April,Bauchi,North East,1589.07
2024-11-01,2024,11,November,Bayelsa,South South,1209.17
2024-12-01,2024,12,December,Bayelsa,South South,1161.88
2025-01-01,2025,1,January,Bayelsa,South South,1000.0
2025-02-01,2025,2,February,Bayelsa,South South,1000.0
2025-03-01,2025,3,March,Bayelsa,South South,1000.0
2025-04-01,2025,4,April,Bayelsa,South South,1185.9
2025-05-01,2025,5,May,Bayelsa,South South,1006.0
2025-06-01,2025,6,June,Bayelsa,South South,1006.0
2025-07-01,2025,7,July,Bayelsa,South South,1006.0
2025-08-01,2025,8,August,Bayelsa,South South,973.1
2025-09-01,2025,9,September,Bayelsa,South South,929.06
2025-10-01,2025,10,October,Bayelsa,South South,1073.91
2025-11-01,2025,11,November,Bayelsa,South South,1073.91
2025-12-01,2025,12,December,Bayelsa,South South,1058.08
2026-01-01,2026,1,January,Bayelsa,South South,968.89
2026-02-01,2026,2,February,Bayelsa,South South,1050.03
2026-03-01,2026,3,March,Bayelsa,South South,1252.48
2026-04-01,2026,4,April,Bayelsa,South South,1536.81
2024-11-01,2024,11,November,Benue,North Central,1365.16
2024-12-01,2024,12,December,Benue,North Central,1234.55
2025-01-01,2025,1,January,Benue,North Central,1411.11
2025-02-01,2025,2,February,Benue,North Central,1450.0
2025-03-01,2025,3,March,Benue,North Central,1451.69
2025-04-01,2025,4,April,Benue,North Central,1341.34
2025-05-01,2025,5,May,Benue,North Central,1009.31
2025-06-01,2025,6,June,Benue,North Central,1016.08
2025-07-01,2025,7,July,Benue,North Central,1021.08
2025-08-01,2025,8,August,Benue,North Central,1031.53
2025-09-01,2025,9,September,Benue,North Central,1096.97
2025-10-01,2025,10,October,Benue,North Central,1071.38
2025-11-01,2025,11,November,Benue,North Central,1080.92
2025-12-01,2025,12,December,Benue,North Central,1034.43
2026-01-01,2026,1,January,Benue,North Central,1059.49
2026-02-01,2026,2,February,Benue,North Central,1069.4
2026-03-01,2026,3,March,Benue,North Central,1303.68
2026-04-01,2026,4,April,Benue,North Central,1582.75
2024-11-01,2024,11,November,Borno,North East,1331.94
2024-12-01,2024,12,December,Borno,North East,1282.38
2025-01-01,2025,1,January,Borno,North East,1066.67
2025-02-01,2025,2,February,Borno,North East,1066.67
2025-03-01,2025,3,March,Borno,North East,1138.7
2025-04-01,2025,4,April,Borno,North East,1153.33
2025-05-01,2025,5,May,Borno,North East,1034.93
2025-06-01,2025,6,June,Borno,North East,1034.93
2025-07-01,2025,7,July,Borno,North East,1034.93
2025-08-01,2025,8,August,Borno,North East,1145.5
2025-09-01,2025,9,September,Borno,North East,1045.0
2025-10-01,2025,10,October,Borno,North East,1101.62
2025-11-01,2025,11,November,Borno,North East,1133.86
2025-12-01,2025,12,December,Borno,North East,1072.04
2026-01-01,2026,1,January,Borno,North East,1079.5
2026-02-01,2026,2,February,Borno,North East,1108.09
2026-03-01,2026,3,March,Borno,North East,1375.16
2026-04-01,2026,4,April,Borno,North East,1476.12
2024-11-01,2024,11,November,Cross River,South South,1218.54
2024-12-01,2024,12,December,Cross River,South South,1228.19
2025-01-01,2025,1,January,Cross River,South South,1483.33
2025-02-01,2025,2,February,Cross River,South South,1477.78
2025-03-01,2025,3,March,Cross River,South South,1563.86
2025-04-01,2025,4,April,Cross River,South South,1301.69
2025-05-01,2025,5,May,Cross River,South South,1000.55
2025-06-01,2025,6,June,Cross River,South South,1025.55
2025-07-01,2025,7,July,Cross River,South South,1013.05
2025-08-01,2025,8,August,Cross River,South South,998.53
2025-09-01,2025,9,September,Cross River,South South,964.11
2025-10-01,2025,10,October,Cross River,South South,1031.25
2025-11-01,2025,11,November,Cross River,South South,1047.44
2025-12-01,2025,12,December,Cross River,South South,1051.5
2026-01-01,2026,1,January,Cross River,South South,1171.77
2026-02-01,2026,2,February,Cross River,South South,1068.61
2026-03-01,2026,3,March,Cross River,South South,1365.02
2026-04-01,2026,4,April,Cross River,South South,1514.14
2024-11-01,2024,11,November,Delta,South South,1170.36
2024-12-01,2024,12,December,Delta,South South,1282.71
2025-01-01,2025,1,January,Delta,South South,1364.29
2025-02-01,2025,2,February,Delta,South South,1131.43
2025-03-01,2025,3,March,Delta,South South,1175.93
2025-04-01,2025,4,April,Delta,South South,1161.41
2025-05-01,2025,5,May,Delta,South South,1067.34
2025-06-01,2025,6,June,Delta,South South,1067.34
2025-07-01,2025,7,July,Delta,South South,1047.2
2025-08-01,2025,8,August,Delta,South South,951.37
2025-09-01,2025,9,September,Delta,South South,927.72
2025-10-01,2025,10,October,Delta,South South,1025.99
2025-11-01,2025,11,November,Delta,South South,1035.42
2025-12-01,2025,12,December,Delta,South South,1028.61
2026-01-01,2026,1,January,Delta,South South,1012.43
2026-02-01,2026,2,February,Delta,South South,1023.81
2026-03-01,2026,3,March,Delta,South South,1279.6
2026-04-01,2026,4,April,Delta,South South,1588.86
2024-11-01,2024,11,November,Ebonyi,South East,1287.57
2024-12-01,2024,12,December,Ebonyi,South East,1280.41
2025-01-01,2025,1,January,Ebonyi,South East,1133.33
2025-02-01,2025,2,February,Ebonyi,South East,1140.0
2025-03-01,2025,3,March,Ebonyi,South East,1186.35
2025-04-01,2025,4,April,Ebonyi,South East,1118.8
2025-05-01,2025,5,May,Ebonyi,South East,1060.18
2025-06-01,2025,6,June,Ebonyi,South East,1043.96
2025-07-01,2025,7,July,Ebonyi,South East,1043.96
2025-08-01,2025,8,August,Ebonyi,South East,1059.95
2025-09-01,2025,9,September,Ebonyi,South East,1055.09
2025-10-01,2025,10,October,Ebonyi,South East,1036.99
2025-11-01,2025,11,November,Ebonyi,South East,1062.08
2025-12-01,2025,12,December,Ebonyi,South East,1044.03
2026-01-01,2026,1,January,Ebonyi,South East,1065.85
2026-02-01,2026,2,February,Ebonyi,South East,1095.66
2026-03-01,2026,3,March,Ebonyi,South East,1287.93
2026-04-01,2026,4,April,Ebonyi,South East,1537.48
2024-11-01,2024,11,November,Edo,South South,1187.61
2024-12-01,2024,12,December,Edo,South South,1142.4
2025-01-01,2025,1,January,Edo,South South,1146.0
2025-02-01,2025,2,February,Edo,South South,1280.0
2025-03-01,2025,3,March,Edo,South South,1256.61
2025-04-01,2025,4,April,Edo,South South,1283.24
2025-05-01,2025,5,May,Edo,South South,1020.0
2025-06-01,2025,6,June,Edo,South South,1020.0
2025-07-01,2025,7,July,Edo,South South,1020.0
2025-08-01,2025,8,August,Edo,South South,920.82
2025-09-01,2025,9,September,Edo,South South,920.91
2025-10-01,2025,10,October,Edo,South South,1030.05
2025-11-01,2025,11,November,Edo,South South,1041.23
2025-12-01,2025,12,December,Edo,South South,1029.78
2026-01-01,2026,1,January,Edo,South South,1029.45
2026-02-01,2026,2,February,Edo,South South,1055.34
2026-03-01,2026,3,March,Edo,South South,1315.08
2026-04-01,2026,4,April,Edo,South South,1595.74
2024-11-01,2024,11,November,Ekiti,South West,1182.38
2024-12-01,2024,12,December,Ekiti,South West,1120.0
2025-01-01,2025,1,January,Ekiti,South West,1180.0
2025-02-01,2025,2,February,Ekiti,South West,956.67
2025-03-01,2025,3,March,Ekiti,South West,963.4
2025-04-01,2025,4,April,Ekiti,South West,1226.3
2025-05-01,2025,5,May,Ekiti,South West,1001.19
2025-06-01,2025,6,June,Ekiti,South West,1001.19
2025-07-01,2025,7,July,Ekiti,South West,1001.19
2025-08-01,2025,8,August,Ekiti,South West,924.25
2025-09-01,2025,9,September,Ekiti,South West,901.23
2025-10-01,2025,10,October,Ekiti,South West,1058.49
2025-11-01,2025,11,November,Ekiti,South West,1056.32
2025-12-01,2025,12,December,Ekiti,South West,1048.43
2026-01-01,2026,1,January,Ekiti,South West,946.9
2026-02-01,2026,2,February,Ekiti,South West,1015.71
2026-03-01,2026,3,March,Ekiti,South West,1246.16
2026-04-01,2026,4,April,Ekiti,South West,1547.72
2024-11-01,2024,11,November,Enugu,South East,1245.56
2024-12-01,2024,12,December,Enugu,South East,1278.47
2025-01-01,2025,1,January,Enugu,South East,1433.33
2025-02-01,2025,2,February,Enugu,South East,1500.0
2025-03-01,2025,3,March,Enugu,South East,1500.0
2025-04-01,2025,4,April,Enugu,South East,1533.41
2025-05-01,2025,5,May,Enugu,South East,1054.59
2025-06-01,2025,6,June,Enugu,South East,1054.59
2025-07-01,2025,7,July,Enugu,South East,1054.59
2025-08-01,2025,8,August,Enugu,South East,1011.9
2025-09-01,2025,9,September,Enugu,South East,1000.03
2025-10-01,2025,10,October,Enugu,South East,1030.92
2025-11-01,2025,11,November,Enugu,South East,1037.68
2025-12-01,2025,12,December,Enugu,South East,1017.28
2026-01-01,2026,1,January,Enugu,South East,946.92
2026-02-01,2026,2,February,Enugu,South East,1008.8
2026-03-01,2026,3,March,Enugu,South East,1308.22
2026-04-01,2026,4,April,Enugu,South East,1430.18
2024-11-01,2024,11,November,Gombe,North East,1232.8
2024-12-01,2024,12,December,Gombe,North East,1176.12
2025-01-01,2025,1,January,Gombe,North East,1090.0
2025-02-01,2025,2,February,Gombe,North East,1093.33
2025-03-01,2025,3,March,Gombe,North East,1155.41
2025-04-01,2025,4,April,Gombe,North East,1060.93
2025-05-01,2025,5,May,Gombe,North East,990.0
2025-06-01,2025,6,June,Gombe,North East,990.0
2025-07-01,2025,7,July,Gombe,North East,990.0
2025-08-01,2025,8,August,Gombe,North East,980.96
2025-09-01,2025,9,September,Gombe,North East,959.12
2025-10-01,2025,10,October,Gombe,North East,1055.72
2025-11-01,2025,11,November,Gombe,North East,1067.51
2025-12-01,2025,12,December,Gombe,North East,1075.73
2026-01-01,2026,1,January,Gombe,North East,1016.82
2026-02-01,2026,2,February,Gombe,North East,1106.04
2026-03-01,2026,3,March,Gombe,North East,1334.83
2026-04-01,2026,4,April,Gombe,North East,1586.62
2024-11-01,2024,11,November,Imo,South East,1224.08
2024-12-01,2024,12,December,Imo,South East,1198.89
2025-01-01,2025,1,January,Imo,South East,1466.67
2025-02-01,2025,2,February,Imo,South East,1500.0
2025-03-01,2025,3,March,Imo,South East,1524.15
2025-04-01,2025,4,April,Imo,South East,1588.5
2025-05-01,2025,5,May,Imo,South East,987.86
2025-06-01,2025,6,June,Imo,South East,987.86
2025-07-01,2025,7,July,Imo,South East,987.86
2025-08-01,2025,8,August,Imo,South East,1021.52
2025-09-01,2025,9,September,Imo,South East,987.3
2025-10-01,2025,10,October,Imo,South East,1087.13
2025-11-01,2025,11,November,Imo,South East,1087.13
2025-12-01,2025,12,December,Imo,South East,1086.26
2026-01-01,2026,1,January,Imo,South East,1085.87
2026-02-01,2026,2,February,Imo,South East,1016.59
2026-03-01,2026,3,March,Imo,South East,1291.1
2026-04-01,2026,4,April,Imo,South East,1573.08
2024-11-01,2024,11,November,Jigawa,North West,1308.57
2024-12-01,2024,12,December,Jigawa,North West,1258.46
2025-01-01,2025,1,January,Jigawa,North West,1530.0
2025-02-01,2025,2,February,Jigawa,North West,1730.0
2025-03-01,2025,3,March,Jigawa,North West,1700.0
2025-04-01,2025,4,April,Jigawa,North West,1567.84
2025-05-01,2025,5,May,Jigawa,North West,1079.02
2025-06-01,2025,6,June,Jigawa,North West,1107.52
2025-07-01,2025,7,July,Jigawa,North West,1107.52
2025-08-01,2025,8,August,Jigawa,North West,979.66
2025-09-01,2025,9,September,Jigawa,North West,956.69
2025-10-01,2025,10,October,Jigawa,North West,1059.09
2025-11-01,2025,11,November,Jigawa,North West,1070.58
2025-12-01,2025,12,December,Jigawa,North West,1059.72
2026-01-01,2026,1,January,Jigawa,North West,983.46
2026-02-01,2026,2,February,Jigawa,North West,1068.96
2026-03-01,2026,3,March,Jigawa,North West,1270.06
2026-04-01,2026,4,April,Jigawa,North West,1572.53
2024-11-01,2024,11,November,Kaduna,North West,1193.75
2024-12-01,2024,12,December,Kaduna,North West,1161.2
2025-01-01,2025,1,January,Kaduna,North West,1638.33
2025-02-01,2025,2,February,Kaduna,North West,1660.0
2025-03-01,2025,3,March,Kaduna,North West,1650.0
2025-04-01,2025,4,April,Kaduna,North West,1395.04
2025-05-01,2025,5,May,Kaduna,North West,1020.83
2025-06-01,2025,6,June,Kaduna,North West,1064.79
2025-07-01,2025,7,July,Kaduna,North West,1045.23
2025-08-01,2025,8,August,Kaduna,North West,943.33
2025-09-01,2025,9,September,Kaduna,North West,942.43
2025-10-01,2025,10,October,Kaduna,North West,1023.33
2025-11-01,2025,11,November,Kaduna,North West,1050.96
2025-12-01,2025,12,December,Kaduna,North West,1052.27
2026-01-01,2026,1,January,Kaduna,North West,947.0
2026-02-01,2026,2,February,Kaduna,North West,1000.07
2026-03-01,2026,3,March,Kaduna,North West,1193.4
2026-04-01,2026,4,April,Kaduna,North West,1534.11
2024-11-01,2024,11,November,Kano,North West,1152.86
2024-12-01,2024,12,December,Kano,North West,1152.14
2025-01-01,2025,1,January,Kano,North West,1541.67
2025-02-01,2025,2,February,Kano,North West,1587.5
2025-03-01,2025,3,March,Kano,North West,1530.56
2025-04-01,2025,4,April,Kano,North West,1283.7
2025-05-01,2025,5,May,Kano,North West,988.16
2025-06-01,2025,6,June,Kano,North West,1015.12
2025-07-01,2025,7,July,Kano,North West,1005.51
2025-08-01,2025,8,August,Kano,North West,959.52
2025-09-01,2025,9,September,Kano,North West,939.56
2025-10-01,2025,10,October,Kano,North West,1060.56
2025-11-01,2025,11,November,Kano,North West,1061.33
2025-12-01,2025,12,December,Kano,North West,1063.04
2026-01-01,2026,1,January,Kano,North West,1014.4
2026-02-01,2026,2,February,Kano,North West,1032.44
2026-03-01,2026,3,March,Kano,North West,1280.14
2026-04-01,2026,4,April,Kano,North West,1579.3
2024-11-01,2024,11,November,Katsina,North West,1121.25
2024-12-01,2024,12,December,Katsina,North West,1187.5
2025-01-01,2025,1,January,Katsina,North West,1469.44
2025-02-01,2025,2,February,Katsina,North West,1436.11
2025-03-01,2025,3,March,Katsina,North West,1474.42
2025-04-01,2025,4,April,Katsina,North West,1111.94
2025-05-01,2025,5,May,Katsina,North West,992.22
2025-06-01,2025,6,June,Katsina,North West,1003.48
2025-07-01,2025,7,July,Katsina,North West,1042.17
2025-08-01,2025,8,August,Katsina,North West,988.26
2025-09-01,2025,9,September,Katsina,North West,982.54
2025-10-01,2025,10,October,Katsina,North West,1053.65
2025-11-01,2025,11,November,Katsina,North West,1060.11
2025-12-01,2025,12,December,Katsina,North West,1051.36
2026-01-01,2026,1,January,Katsina,North West,1035.83
2026-02-01,2026,2,February,Katsina,North West,1009.56
2026-03-01,2026,3,March,Katsina,North West,1356.41
2026-04-01,2026,4,April,Katsina,North West,1406.28
2024-11-01,2024,11,November,Kebbi,North West,1186.25
2024-12-01,2024,12,December,Kebbi,North West,1194.0
2025-01-01,2025,1,January,Kebbi,North West,1090.0
2025-02-01,2025,2,February,Kebbi,North West,1090.0
2025-03-01,2025,3,March,Kebbi,North West,1125.55
2025-04-01,2025,4,April,Kebbi,North West,1148.91
2025-05-01,2025,5,May,Kebbi,North West,1021.79
2025-06-01,2025,6,June,Kebbi,North West,1052.14
2025-07-01,2025,7,July,Kebbi,North West,1065.89
2025-08-01,2025,8,August,Kebbi,North West,946.96
2025-09-01,2025,9,September,Kebbi,North West,942.76
2025-10-01,2025,10,October,Kebbi,North West,1031.64
2025-11-01,2025,11,November,Kebbi,North West,1043.76
2025-12-01,2025,12,December,Kebbi,North West,1003.08
2026-01-01,2026,1,January,Kebbi,North West,1042.9
2026-02-01,2026,2,February,Kebbi,North West,1047.7
2026-03-01,2026,3,March,Kebbi,North West,1337.26
2026-04-01,2026,4,April,Kebbi,North West,1501.03
2024-11-01,2024,11,November,Kogi,North Central,1249.98
2024-12-01,2024,12,December,Kogi,North Central,1188.18
2025-01-01,2025,1,January,Kogi,North Central,1114.29
2025-02-01,2025,2,February,Kogi,North Central,1221.43
2025-03-01,2025,3,March,Kogi,North Central,1298.94
2025-04-01,2025,4,April,Kogi,North Central,1258.0
2025-05-01,2025,5,May,Kogi,North Central,986.67
2025-06-01,2025,6,June,Kogi,North Central,986.67
2025-07-01,2025,7,July,Kogi,North Central,986.67
2025-08-01,2025,8,August,Kogi,North Central,1014.69
2025-09-01,2025,9,September,Kogi,North Central,963.96
2025-10-01,2025,10,October,Kogi,North Central,1110.0
2025-11-01,2025,11,November,Kogi,North Central,1110.0
2025-12-01,2025,12,December,Kogi,North Central,1104.45
2026-01-01,2026,1,January,Kogi,North Central,960.0
2026-02-01,2026,2,February,Kogi,North Central,1002.0
2026-03-01,2026,3,March,Kogi,North Central,1217.24
2026-04-01,2026,4,April,Kogi,North Central,1474.31
2024-11-01,2024,11,November,Kwara,North Central,1173.06
2024-12-01,2024,12,December,Kwara,North Central,1133.08
2025-01-01,2025,1,January,Kwara,North Central,1172.0
2025-02-01,2025,2,February,Kwara,North Central,1070.0
2025-03-01,2025,3,March,Kwara,North Central,1106.14
2025-04-01,2025,4,April,Kwara,North Central,1014.85
2025-05-01,2025,5,May,Kwara,North Central,1038.06
2025-06-01,2025,6,June,Kwara,North Central,1031.22
2025-07-01,2025,7,July,Kwara,North Central,1031.22
2025-08-01,2025,8,August,Kwara,North Central,933.59
2025-09-01,2025,9,September,Kwara,North Central,923.65
2025-10-01,2025,10,October,Kwara,North Central,1051.13
2025-11-01,2025,11,November,Kwara,North Central,1062.67
2025-12-01,2025,12,December,Kwara,North Central,1028.52
2026-01-01,2026,1,January,Kwara,North Central,1109.16
2026-02-01,2026,2,February,Kwara,North Central,1064.63
2026-03-01,2026,3,March,Kwara,North Central,1224.28
2026-04-01,2026,4,April,Kwara,North Central,1535.78
2024-11-01,2024,11,November,Lagos,South West,1092.79
2024-12-01,2024,12,December,Lagos,South West,1106.33
2025-01-01,2025,1,January,Lagos,South West,1122.22
2025-02-01,2025,2,February,Lagos,South West,975.56
2025-03-01,2025,3,March,Lagos,South West,975.0
2025-04-01,2025,4,April,Lagos,South West,1064.58
2025-05-01,2025,5,May,Lagos,South West,1077.05
2025-06-01,2025,6,June,Lagos,South West,1100.29
2025-07-01,2025,7,July,Lagos,South West,1100.29
2025-08-01,2025,8,August,Lagos,South West,983.05
2025-09-01,2025,9,September,Lagos,South West,958.38
2025-10-01,2025,10,October,Lagos,South West,1014.0
2025-11-01,2025,11,November,Lagos,South West,1021.14
2025-12-01,2025,12,December,Lagos,South West,1030.77
2026-01-01,2026,1,January,Lagos,South West,1026.11
2026-02-01,2026,2,February,Lagos,South West,966.61
2026-03-01,2026,3,March,Lagos,South West,1162.71
2026-04-01,2026,4,April,Lagos,South West,1486.17
2025-08-01,2025,8,August,Nasarawa,North Central,965.92
2025-09-01,2025,9,September,Nasarawa,North Central,984.95
2025-10-01,2025,10,October,Nasarawa,North Central,1009.38
2025-11-01,2025,11,November,Nasarawa,North Central,1015.12
2025-12-01,2025,12,December,Nasarawa,North Central,1011.05
2026-01-01,2026,1,January,Nasarawa,North Central,1149.13
2026-02-01,2026,2,February,Nasarawa,North Central,1042.68
2026-03-01,2026,3,March,Nasarawa,North Central,1213.8
2026-04-01,2026,4,April,Nasarawa,North Central,1546.89
2024-11-01,2024,11,November,Niger,North Central,1173.18
2024-12-01,2024,12,December,Niger,North Central,1176.07
2025-01-01,2025,1,January,Niger,North Central,1386.69
2025-02-01,2025,2,February,Niger,North Central,1386.69
2025-03-01,2025,3,March,Niger,North Central,1309.0
2025-04-01,2025,4,April,Niger,North Central,1309.54
2025-05-01,2025,5,May,Niger,North Central,991.08
2025-06-01,2025,6,June,Niger,North Central,1067.41
2025-07-01,2025,7,July,Niger,North Central,1055.12
2025-08-01,2025,8,August,Niger,North Central,1037.81
2025-09-01,2025,9,September,Niger,North Central,1006.86
2025-10-01,2025,10,October,Niger,North Central,1061.13
2025-11-01,2025,11,November,Niger,North Central,1062.55
2025-12-01,2025,12,December,Niger,North Central,1061.21
2026-01-01,2026,1,January,Niger,North Central,983.51
2026-02-01,2026,2,February,Niger,North Central,1072.65
2026-03-01,2026,3,March,Niger,North Central,1328.42
2026-04-01,2026,4,April,Niger,North Central,1403.89
2024-11-01,2024,11,November,Ogun,South West,1154.74
2024-12-01,2024,12,December,Ogun,South West,1106.07
2025-01-01,2025,1,January,Ogun,South West,1141.67
2025-02-01,2025,2,February,Ogun,South West,1105.0
2025-03-01,2025,3,March,Ogun,South West,1143.79
2025-04-01,2025,4,April,Ogun,South West,1166.24
2025-05-01,2025,5,May,Ogun,South West,1013.12
2025-06-01,2025,6,June,Ogun,South West,1012.5
2025-07-01,2025,7,July,Ogun,South West,1000.0
2025-08-01,2025,8,August,Ogun,South West,930.09
2025-09-01,2025,9,September,Ogun,South West,946.7
2025-10-01,2025,10,October,Ogun,South West,1064.99
2025-11-01,2025,11,November,Ogun,South West,1064.99
2025-12-01,2025,12,December,Ogun,South West,1026.32
2026-01-01,2026,1,January,Ogun,South West,995.66
2026-02-01,2026,2,February,Ogun,South West,1029.67
2026-03-01,2026,3,March,Ogun,South West,1169.78
2026-04-01,2026,4,April,Ogun,South West,1529.67
2024-11-01,2024,11,November,Ondo,South West,1155.56
2024-12-01,2024,12,December,Ondo,South West,1137.78
2025-01-01,2025,1,January,Ondo,South West,1141.7
2025-02-01,2025,2,February,Ondo,South West,1005.56
2025-03-01,2025,3,March,Ondo,South West,1099.66
2025-04-01,2025,4,April,Ondo,South West,1148.42
2025-05-01,2025,5,May,Ondo,South West,1083.47
2025-06-01,2025,6,June,Ondo,South West,1104.8
2025-07-01,2025,7,July,Ondo,South West,1007.01
2025-08-01,2025,8,August,Ondo,South West,921.41
2025-09-01,2025,9,September,Ondo,South West,962.68
2025-10-01,2025,10,October,Ondo,South West,1017.83
2025-11-01,2025,11,November,Ondo,South West,1025.04
2025-12-01,2025,12,December,Ondo,South West,1028.52
2026-01-01,2026,1,January,Ondo,South West,1036.67
2026-02-01,2026,2,February,Ondo,South West,1071.56
2026-03-01,2026,3,March,Ondo,South West,1287.83
2026-04-01,2026,4,April,Ondo,South West,1573.56
2024-11-01,2024,11,November,Osun,South West,1171.88
2024-12-01,2024,12,December,Osun,South West,1137.06
2025-01-01,2025,1,January,Osun,South West,950.0
2025-02-01,2025,2,February,Osun,South West,972.5
2025-03-01,2025,3,March,Osun,South West,980.0
2025-04-01,2025,4,April,Osun,South West,1042.49
2025-05-01,2025,5,May,Osun,South West,1060.58
2025-06-01,2025,6,June,Osun,South West,1060.58
2025-07-01,2025,7,July,Osun,South West,1039.93
2025-08-01,2025,8,August,Osun,South West,926.55
2025-09-01,2025,9,September,Osun,South West,933.17
2025-10-01,2025,10,October,Osun,South West,1039.77
2025-11-01,2025,11,November,Osun,South West,1051.82
2025-12-01,2025,12,December,Osun,South West,1046.49
2026-01-01,2026,1,January,Osun,South West,1037.38
2026-02-01,2026,2,February,Osun,South West,1086.36
2026-03-01,2026,3,March,Osun,South West,1256.96
2026-04-01,2026,4,April,Osun,South West,1521.85
2024-11-01,2024,11,November,Oyo,South West,1166.32
2024-12-01,2024,12,December,Oyo,South West,1088.75
2025-01-01,2025,1,January,Oyo,South West,1015.0
2025-02-01,2025,2,February,Oyo,South West,956.67
2025-03-01,2025,3,March,Oyo,South West,982.0
2025-04-01,2025,4,April,Oyo,South West,1183.79
2025-05-01,2025,5,May,Oyo,South West,1038.01
2025-06-01,2025,6,June,Oyo,South West,1038.01
2025-07-01,2025,7,July,Oyo,South West,1038.01
2025-08-01,2025,8,August,Oyo,South West,953.14
2025-09-01,2025,9,September,Oyo,South West,912.23
2025-10-01,2025,10,October,Oyo,South West,1001.79
2025-11-01,2025,11,November,Oyo,South West,997.39
2025-12-01,2025,12,December,Oyo,South West,996.55
2026-01-01,2026,1,January,Oyo,South West,1013.1
2026-02-01,2026,2,February,Oyo,South West,973.45
2026-03-01,2026,3,March,Oyo,South West,1271.31
2026-04-01,2026,4,April,Oyo,South West,1555.32
2024-11-01,2024,11,November,Plateau,North Central,1227.5
2024-12-01,2024,12,December,Plateau,North Central,1260.0
2025-01-01,2025,1,January,Plateau,North Central,1446.99
2025-02-01,2025,2,February,Plateau,North Central,1446.99
2025-03-01,2025,3,March,Plateau,North Central,1450.8
2025-04-01,2025,4,April,Plateau,North Central,1302.52
2025-05-01,2025,5,May,Plateau,North Central,991.05
2025-06-01,2025,6,June,Plateau,North Central,1009.05
2025-07-01,2025,7,July,Plateau,North Central,1019.05
2025-08-01,2025,8,August,Plateau,North Central,1076.06
2025-09-01,2025,9,September,Plateau,North Central,1014.0
2025-10-01,2025,10,October,Plateau,North Central,1056.13
2025-11-01,2025,11,November,Plateau,North Central,1056.13
2025-12-01,2025,12,December,Plateau,North Central,1046.71
2026-01-01,2026,1,January,Plateau,North Central,1077.16
2026-02-01,2026,2,February,Plateau,North Central,1051.73
2026-03-01,2026,3,March,Plateau,North Central,1252.45
2026-04-01,2026,4,April,Plateau,North Central,1580.79
2024-11-01,2024,11,November,Rivers,South South,1257.78
2024-12-01,2024,12,December,Rivers,South South,1164.91
2025-01-01,2025,1,January,Rivers,South South,1308.89
2025-02-01,2025,2,February,Rivers,South South,1131.11
2025-03-01,2025,3,March,Rivers,South South,1175.54
2025-04-01,2025,4,April,Rivers,South South,1263.98
2025-05-01,2025,5,May,Rivers,South South,981.67
2025-06-01,2025,6,June,Rivers,South South,994.32
2025-07-01,2025,7,July,Rivers,South South,994.32
2025-08-01,2025,8,August,Rivers,South South,975.3
2025-09-01,2025,9,September,Rivers,South South,980.35
2025-10-01,2025,10,October,Rivers,South South,1053.72
2025-11-01,2025,11,November,Rivers,South South,1065.43
2025-12-01,2025,12,December,Rivers,South South,1062.25
2026-01-01,2026,1,January,Rivers,South South,1160.92
2026-02-01,2026,2,February,Rivers,South South,1030.74
2026-03-01,2026,3,March,Rivers,South South,1247.84
2026-04-01,2026,4,April,Rivers,South South,1579.41
2024-11-01,2024,11,November,Sokoto,North West,1162.86
2024-12-01,2024,12,December,Sokoto,North West,1113.33
2025-01-01,2025,1,January,Sokoto,North West,1330.0
2025-02-01,2025,2,February,Sokoto,North West,1680.0
2025-03-01,2025,3,March,Sokoto,North West,1550.0
2025-04-01,2025,4,April,Sokoto,North West,1550.0
2025-05-01,2025,5,May,Sokoto,North West,1100.0
2025-06-01,2025,6,June,Sokoto,North West,1100.0
2025-07-01,2025,7,July,Sokoto,North West,1100.0
2025-08-01,2025,8,August,Sokoto,North West,1032.68
2025-09-01,2025,9,September,Sokoto,North West,1023.39
2025-10-01,2025,10,October,Sokoto,North West,1105.93
2025-11-01,2025,11,November,Sokoto,North West,1118.83
2025-12-01,2025,12,December,Sokoto,North West,1035.47
2026-01-01,2026,1,January,Sokoto,North West,1019.31
2026-02-01,2026,2,February,Sokoto,North West,1116.81
2026-03-01,2026,3,March,Sokoto,North West,1377.55
2026-04-01,2026,4,April,Sokoto,North West,1404.16
2024-11-01,2024,11,November,Taraba,North East,1256.36
2024-12-01,2024,12,December,Taraba,North East,1307.05
2025-01-01,2025,1,January,Taraba,North East,1433.33
2025-02-01,2025,2,February,Taraba,North East,1366.67
2025-03-01,2025,3,March,Taraba,North East,1353.95
2025-04-01,2025,4,April,Taraba,North East,1256.39
2025-05-01,2025,5,May,Taraba,North East,983.0
2025-06-01,2025,6,June,Taraba,North East,1006.6
2025-07-01,2025,7,July,Taraba,North East,1036.6
2025-08-01,2025,8,August,Taraba,North East,953.4
2025-09-01,2025,9,September,Taraba,North East,934.02
2025-10-01,2025,10,October,Taraba,North East,1072.15
2025-11-01,2025,11,November,Taraba,North East,1079.18
2025-12-01,2025,12,December,Taraba,North East,1080.06
2026-01-01,2026,1,January,Taraba,North East,1048.41
2026-02-01,2026,2,February,Taraba,North East,1055.49
2026-03-01,2026,3,March,Taraba,North East,1305.74
2026-04-01,2026,4,April,Taraba,North East,1581.31
2024-11-01,2024,11,November,Yobe,North East,1222.73
2024-12-01,2024,12,December,Yobe,North East,1225.0
2025-01-01,2025,1,January,Yobe,North East,1112.5
2025-02-01,2025,2,February,Yobe,North East,1075.0
2025-03-01,2025,3,March,Yobe,North East,1114.11
2025-04-01,2025,4,April,Yobe,North East,970.0
2025-05-01,2025,5,May,Yobe,North East,950.6
2025-06-01,2025,6,June,Yobe,North East,950.6
2025-07-01,2025,7,July,Yobe,North East,950.6
2025-08-01,2025,8,August,Yobe,North East,1014.86
2025-09-01,2025,9,September,Yobe,North East,988.94
2025-10-01,2025,10,October,Yobe,North East,1075.59
2025-11-01,2025,11,November,Yobe,North East,1085.37
2025-12-01,2025,12,December,Yobe,North East,1081.8
2026-01-01,2026,1,January,Yobe,North East,1050.77
2026-02-01,2026,2,February,Yobe,North East,1134.73
2026-03-01,2026,3,March,Yobe,North East,1362.05
2026-04-01,2026,4,April,Yobe,North East,1599.05
2024-11-01,2024,11,November,Zamfara,North West,1192.31
2024-12-01,2024,12,December,Zamfara,North West,1160.0
2025-01-01,2025,1,January,Zamfara,North West,1104.29
2025-02-01,2025,2,February,Zamfara,North West,1204.29
2025-03-01,2025,3,March,Zamfara,North West,1200.63
2025-04-01,2025,4,April,Zamfara,North West,1223.89
2025-05-01,2025,5,May,Zamfara,North West,1093.21
2025-06-01,2025,6,June,Zamfara,North West,1096.81
2025-07-01,2025,7,July,Zamfara,North West,884.63
2025-08-01,2025,8,August,Zamfara,North West,993.38
2025-09-01,2025,9,September,Zamfara,North West,967.49
2025-10-01,2025,10,October,Zamfara,North West,1054.68
2025-11-01,2025,11,November,Zamfara,North West,1067.0
2025-12-01,2025,12,December,Zamfara,North West,1059.11
2026-01-01,2026,1,January,Zamfara,North West,1046.57
2026-02-01,2026,2,February,Zamfara,North West,1038.01
2026-03-01,2026,3,March,Zamfara,North West,1301.31
2026-04-01,2026,4,April,Zamfara,North West,1564.25
